{
    "mean_reward": 286.3024850458052,
    "std_reward": 17.236473062609274
}