{
    "qlearning": {
        "mean": 173.5,
        "std": 1.118033988749895
    },
    "sarsa": {
        "mean": 170.96,
        "std": 22.564981719469664
    },
    "expected_sarsa": {
        "mean": 166.51,
        "std": 35.09486999548509
    }
}