{
    "(0, 3)": {
        "mc": {
            "mean": 0.7000000000000002,
            "std": 2.220446049250313e-16
        },
        "qlearning": {
            "mean": 0.7000000000000002,
            "std": 2.220446049250313e-16
        }
    },
    "(0, 5)": {
        "mc": {
            "mean": 0.75,
            "std": 0.0
        },
        "qlearning": {
            "mean": 0.75,
            "std": 0.0
        }
    }
}