{
  "dqn": {
    "mean_reward": 101.3395004272461,
    "std_reward": 192.41281127929688
  },
  "ddqn": {
    "mean_reward": 105.24252319335938,
    "std_reward": 130.34222412109375
  }
}