{
    "td_0.0": {
        "mean": 1.95,
        "std": 0.4974937185533102
    },
    "td_0.01": {
        "mean": 1.9,
        "std": 0.7000000000000002
    },
    "td_0.1": {
        "mean": 1.881,
        "std": 0.7224534587085871
    },
    "mc_0.0": {
        "mean": 0.9719999999999999,
        "std": 1.5259148075826512
    },
    "mc_0.1": {
        "mean": 0.883,
        "std": 1.5727717571218018
    },
    "mc_0.01": {
        "mean": 1.5930000000000002,
        "std": 1.4807602776952113
    }
}